Designator,Val,Package,Mid X,Mid Y,Rotation,Layer
C1,0.1uF,C_0805_2012Metric,106.5,-91.375,90.0,top
C10,0.1uF,C_0805_2012Metric,174.1,-138.3,0.0,top
C11,0.1uF,C_0805_2012Metric,140.64,-57.61,180.0,top
C12,0.1uF,C_0805_2012Metric,72.1,-61.8,180.0,top
C13,0.1uF,C_0805_2012Metric,63.8,-70.3,-90.0,top
C14,0.1uF,C_0805_2012Metric,136.4,-57.64,180.0,top
C15,0.1uF,C_0805_2012Metric,139.44,-70.9,180.0,top
C16,0.1uF,C_0805_2012Metric,145.26,-61.9,0.0,top
C17,0.1uF,C_0805_2012Metric,145.25,-64.62,0.0,top
C18,0.1uF,C_0805_2012Metric,95.68,-31.21,0.0,top
C2,0.1uF,C_0805_2012Metric,163.6,-32.87,90.0,top
C3,0.1uF,C_0805_2012Metric,116.48,-96.36,-90.0,top
C4,22uF,C_0805_2012Metric,103.58,-103.29,180.0,top
C5,10uF,C_0805_2012Metric,105.91,-108.18,180.0,top
C6,1uF,C_0805_2012Metric,133.2,-128.3,-90.0,top
C7,470uF,CP_Elec_10x10.5,140.8,-132.4,-90.0,top
C8,330uF,CP_Elec_10x10.5,131.37,-111.78,0.0,top
C9,0.1uF,C_0805_2012Metric,174.2,-133.7,0.0,top
D1,S10MC,D_SMC_larger_pads,154.1,-135.6,0.0,top
D11,MDD M7,D_SMA,152.51,-32.81,180.0,top
D12,MDD M7,D_SMA,152.87,-39.36,180.0,top
D2,SS36,SMA(DO-214AC),118.1,-122.6,90.0,top
D3,LED,LED_0805_2012Metric,137.1,-122.48125,90.0,top
D4,BAT42,D_SOD-123,144.52,-45.21,-90.0,top
D5,BAT42,D_SOD-123,144.0,-50.61,-90.0,top
D6,MDD M7,D_SMA,133.46,-102.84,0.0,top
D7,BAT42,D_SOD-123,139.63,-52.2,-90.0,top
D8,BAT42,D_SOD-123,140.68,-46.49,-90.0,top
D9,MDD M7,D_SMA,136.54,-88.98,90.0,top
F1,C492610,Fuse_Holder_C492610,151.455,-111.355,180.0,top
IC1,AZ1117,SOT-223,110.13,-103.39,0.0,top
IC2,XL2596,TO263-5L,126.4,-131.1975,-90.0,top
J1,Conn_01x06_Female,PinSocket_1x06_P2.54mm_Vertical,102.2,-85.95,180.0,top
J10,Conn_01x08_Female,PinSocket_1x08_P2.54mm_Vertical,116.515,-65.655,180.0,top
J11,Conn_01x08_Female,PinSocket_1x08_P2.54mm_Vertical,116.515,-42.795,180.0,top
J13,Motor1,Molex_KK-254_AE-6410-04A_1x04_P2.54mm_Vertical,31.72,-108.22,180.0,top
J14,Conn_01x03_Pin,PinHeader_1x03_P2.54mm_Vertical,151.81,-58.07,0.0,top
J15,USB_B_Micro,USB_Micro-B_Wuerth_614105150721_Vertical,65.1175,-57.83,90.0,top
J16,Conn_01x08_Female,PinSocket_1x08_P2.54mm_Vertical,76.66,-60.09,180.0,top
J17,Conn_01x06_Female,PinSocket_1x06_P2.54mm_Vertical,76.66,-39.77,180.0,top
J18,Conn_01x10_Female,PinSocket_1x10_P2.54mm_Vertical,28.4,-66.69,180.0,top
J19,Conn_01x08_Female,PinSocket_1x08_P2.54mm_Vertical,28.4,-42.31,180.0,top
J2,Conn_01x06_Female,PinSocket_1x06_P2.54mm_Vertical,84.42,-85.95,180.0,top
J20,Motor1 GRV,Grove,31.22,-135.26,180.0,top
J21,TM171,PinSocket_1x05_P2.54mm_Vertical,97.06,-35.05,90.0,top
J25,Conn_01x10_Female,PinSocket_1x10_P2.00mm_Vertical,59.6,-60.4,180.0,top
J26,Conn_01x10_Female,PinSocket_1x10_P2.00mm_Vertical,37.6,-60.4,180.0,top
J3,Teensy_Ethernet,PinHeader_2x03_P2.00mm_Vertical,120.9534,-78.355,90.0,top
J4,Conn_01x06_Female,PinSocket_1x06_P2.54mm_Vertical,131.755,-85.975,180.0,top
J5,Conn_01x08_Female,PinSocket_1x08_P2.54mm_Vertical,131.755,-65.655,180.0,top
J6,Conn_01x08_Female,PinSocket_1x08_P2.54mm_Vertical,131.755,-42.795,180.0,top
J7,DT13-12PA,DT1312PA,170.1675,-83.605,0.0,top
J8,HR911105A,HR911105A,176.626,-39.4045,-90.0,top
J9,Conn_01x06_Female,PinSocket_1x06_P2.54mm_Vertical,116.515,-85.975,180.0,top
K1,SRD-05VDC-SL-A,RELAY_SRD-05VDC-SL-A,147.78125,-97.81,0.0,top
K2,SRD-05VDC-SL-A,RELAY_SRD-05VDC-SL-A,147.92375,-80.56,0.0,top
KF1,KF142V-5.0-6P,KF142V-5.08-6P,165.48,-120.61,0.0,top
L2,SMDRI127-330MT,TMPA1265SP-101MN-D,108.08,-131.97,90.0,top
Q1,BC847,SOT-23,136.5125,-98.77,0.0,top
Q2,BC847,SOT-23,136.7625,-82.14,0.0,top
R1,270,R_0603_1608Metric,147.74,-35.44,0.0,top
R10,1K,R_0603_1608Metric,147.22,-54.28,180.0,top
R11,2K,R_0603_1608Metric,143.63,-55.1,-90.0,top
R14,1K,R_0603_1608Metric,136.37,-94.77,0.0,top
R15,1K,R_0603_1608Metric,136.64,-78.19,0.0,top
R16,2K,R_0603_1608Metric,151.87,-50.265,-90.0,top
R2,270,R_0603_1608Metric,147.44,-42.08,0.0,top
R3,470,R_0603_1608Metric,135.91,-50.64,180.0,top
R4,150,R_0603_1608Metric,41.495,-65.43,0.0,top
R5,5.2K,R_0603_1608Metric,147.27,-57.61,180.0,top
R6,1K,R_0603_1608Metric,155.895,-49.44,180.0,top
R7,1000,R_0603_1608Metric,132.7,-122.58125,90.0,top
R8,470,R_0603_1608Metric,135.64,-46.04,180.0,top
U1,PC817,SMD-4_4.6x7.62mm_P2.54mm,140.04,-33.51,180.0,top
U2,PC817,SMD-4_4.6x7.62mm_P2.54mm,140.01,-39.36,180.0,top
U3,MAX3221,SOP65P777X199-16N,138.81,-64.3875,-90.0,top
U4,ACS712ELCTR30AT,SOIC127P600X175-8N,167.8,-136.5,0.0,top
